{
    "Prompt 0": 0.7920792079207921,
    "Prompt 1": 0.7425742574257426,
    "Prompt 10": 0.7425742574257426,
    "Prompt 11": 0.7821782178217822,
    "Prompt 12": 0.7920792079207921,
    "Prompt 13": 0.7722772277227723,
    "Prompt 14": 0.7425742574257426,
    "Prompt 15": 0.7227722772277227,
    "Prompt 16": 0.7821782178217822,
    "Prompt 17": 0.7227722772277227,
    "Prompt 18": 0.7425742574257426,
    "Prompt 19": 0.801980198019802,
    "Prompt 2": 0.7326732673267327,
    "Prompt 20": 0.7920792079207921,
    "Prompt 21": 0.7821782178217822,
    "Prompt 22": 0.7722772277227723,
    "Prompt 23": 0.7722772277227723,
    "Prompt 24": 0.7623762376237624,
    "Prompt 25": 0.7425742574257426,
    "Prompt 26": 0.7821782178217822,
    "Prompt 27": 0.7227722772277227,
    "Prompt 28": 0.7425742574257426,
    "Prompt 29": 0.801980198019802,
    "Prompt 3": 0.7524752475247525,
    "Prompt 30": 0.7920792079207921,
    "Prompt 31": 0.7821782178217822,
    "Prompt 32": 0.7722772277227723,
    "Prompt 33": 0.7722772277227723,
    "Prompt 34": 0.7623762376237624,
    "Prompt 35": 0.7425742574257426,
    "Prompt 36": 0.7821782178217822,
    "Prompt 37": 0.7227722772277227,
    "Prompt 38": 0.7425742574257426,
    "Prompt 39": 0.801980198019802,
    "Prompt 4": 0.7821782178217822,
    "Prompt 40": 0.7920792079207921,
    "Prompt 41": 0.7821782178217822,
    "Prompt 42": 0.7722772277227723,
    "Prompt 43": 0.7722772277227723,
    "Prompt 44": 0.7623762376237624,
    "Prompt 45": 0.7425742574257426,
    "Prompt 46": 0.7623762376237624,
    "Prompt 47": 0.7821782178217822,
    "Prompt 48": 0.7623762376237624,
    "Prompt 49": 0.7524752475247525,
    "Prompt 5": 0.7821782178217822,
    "Prompt 50": 0.8118811881188119,
    "Prompt 51": 0.7722772277227723,
    "Prompt 52": 0.7623762376237624,
    "Prompt 53": 0.7623762376237624,
    "Prompt 54": 0.7821782178217822,
    "Prompt 55": 0.6831683168316832,
    "Prompt 6": 0.7821782178217822,
    "Prompt 7": 0.7920792079207921,
    "Prompt 8": 0.7920792079207921,
    "Prompt 9": 0.7920792079207921,
    "Prompt 56": 0.801980198019802,
    "Prompt 57": 0.7920792079207921,
    "Prompt 58": 0.7722772277227723,
    "Prompt 59": 0.6435643564356436,
    "Prompt 60": 0.8118811881188119,
    "Prompt 61": 0.7920792079207921
}