{
    "Prompt 0": 0.7431192660550459,
    "Prompt 1": 0.7155963302752294,
    "Prompt 10": 0.7522935779816514,
    "Prompt 11": 0.7431192660550459,
    "Prompt 12": 0.7339449541284404,
    "Prompt 13": 0.7247706422018348,
    "Prompt 14": 0.6972477064220184,
    "Prompt 15": 0.6788990825688074,
    "Prompt 16": 0.7431192660550459,
    "Prompt 17": 0.7064220183486238,
    "Prompt 18": 0.7339449541284404,
    "Prompt 19": 0.7339449541284404,
    "Prompt 2": 0.7706422018348624,
    "Prompt 20": 0.7706422018348624,
    "Prompt 21": 0.7339449541284404,
    "Prompt 22": 0.7431192660550459,
    "Prompt 23": 0.7247706422018348,
    "Prompt 24": 0.7431192660550459,
    "Prompt 25": 0.7339449541284404,
    "Prompt 26": 0.7431192660550459,
    "Prompt 27": 0.7064220183486238,
    "Prompt 28": 0.7339449541284404,
    "Prompt 29": 0.7339449541284404,
    "Prompt 3": 0.7339449541284404,
    "Prompt 30": 0.7706422018348624,
    "Prompt 31": 0.7339449541284404,
    "Prompt 32": 0.7431192660550459,
    "Prompt 33": 0.7247706422018348,
    "Prompt 34": 0.7431192660550459,
    "Prompt 35": 0.7339449541284404,
    "Prompt 36": 0.7431192660550459,
    "Prompt 37": 0.7064220183486238,
    "Prompt 38": 0.7339449541284404,
    "Prompt 39": 0.7339449541284404,
    "Prompt 4": 0.7522935779816514,
    "Prompt 40": 0.7706422018348624,
    "Prompt 41": 0.7339449541284404,
    "Prompt 42": 0.7431192660550459,
    "Prompt 43": 0.7247706422018348,
    "Prompt 44": 0.7431192660550459,
    "Prompt 45": 0.7339449541284404,
    "Prompt 46": 0.6972477064220184,
    "Prompt 47": 0.7431192660550459,
    "Prompt 48": 0.7614678899082569,
    "Prompt 49": 0.6513761467889908,
    "Prompt 5": 0.7247706422018348,
    "Prompt 50": 0.7431192660550459,
    "Prompt 51": 0.6697247706422018,
    "Prompt 52": 0.7798165137614679,
    "Prompt 53": 0.7431192660550459,
    "Prompt 54": 0.7889908256880734,
    "Prompt 55": 0.7064220183486238,
    "Prompt 6": 0.7614678899082569,
    "Prompt 7": 0.7614678899082569,
    "Prompt 8": 0.7614678899082569,
    "Prompt 9": 0.7522935779816514,
    "Prompt 56": 0.7155963302752294,
    "Prompt 57": 0.7247706422018348,
    "Prompt 58": 0.7247706422018348,
    "Prompt 59": 0.6880733944954128,
    "Prompt 60": 0.7522935779816514,
    "Prompt 61": 0.7431192660550459
}