{
    "Prompt 0": 0.6486486486486487,
    "Prompt 1": 0.5135135135135135,
    "Prompt 10": 0.5675675675675675,
    "Prompt 11": 0.5765765765765766,
    "Prompt 12": 0.5765765765765766,
    "Prompt 13": 0.5585585585585585,
    "Prompt 14": 0.6396396396396397,
    "Prompt 15": 0.5585585585585585,
    "Prompt 16": 0.6486486486486487,
    "Prompt 17": 0.5135135135135135,
    "Prompt 18": 0.5495495495495496,
    "Prompt 19": 0.5855855855855856,
    "Prompt 2": 0.6306306306306306,
    "Prompt 20": 0.5855855855855856,
    "Prompt 21": 0.5675675675675675,
    "Prompt 22": 0.5495495495495496,
    "Prompt 23": 0.5675675675675675,
    "Prompt 24": 0.5765765765765766,
    "Prompt 25": 0.5495495495495496,
    "Prompt 26": 0.6486486486486487,
    "Prompt 27": 0.5135135135135135,
    "Prompt 28": 0.5495495495495496,
    "Prompt 29": 0.5855855855855856,
    "Prompt 3": 0.5675675675675675,
    "Prompt 30": 0.5855855855855856,
    "Prompt 31": 0.5675675675675675,
    "Prompt 32": 0.5495495495495496,
    "Prompt 33": 0.5675675675675675,
    "Prompt 34": 0.5765765765765766,
    "Prompt 35": 0.5495495495495496,
    "Prompt 36": 0.6486486486486487,
    "Prompt 37": 0.5135135135135135,
    "Prompt 38": 0.5495495495495496,
    "Prompt 39": 0.5855855855855856,
    "Prompt 4": 0.5855855855855856,
    "Prompt 40": 0.5855855855855856,
    "Prompt 41": 0.5675675675675675,
    "Prompt 42": 0.5495495495495496,
    "Prompt 43": 0.5675675675675675,
    "Prompt 44": 0.5765765765765766,
    "Prompt 45": 0.5495495495495496,
    "Prompt 46": 0.6576576576576577,
    "Prompt 47": 0.6306306306306306,
    "Prompt 48": 0.6576576576576577,
    "Prompt 49": 0.6126126126126126,
    "Prompt 5": 0.6486486486486487,
    "Prompt 50": 0.6666666666666666,
    "Prompt 51": 0.6396396396396397,
    "Prompt 52": 0.6126126126126126,
    "Prompt 53": 0.6486486486486487,
    "Prompt 54": 0.6486486486486487,
    "Prompt 55": 0.5675675675675675,
    "Prompt 6": 0.6396396396396397,
    "Prompt 7": 0.5855855855855856,
    "Prompt 8": 0.5675675675675675,
    "Prompt 9": 0.5495495495495496
}