{
    "Prompt 0": 0.8024691358024691,
    "Prompt 1": 0.6172839506172839,
    "Prompt 10": 0.6790123456790124,
    "Prompt 11": 0.7037037037037037,
    "Prompt 12": 0.7037037037037037,
    "Prompt 13": 0.691358024691358,
    "Prompt 14": 0.7901234567901234,
    "Prompt 15": 0.691358024691358,
    "Prompt 16": 0.7901234567901234,
    "Prompt 17": 0.5925925925925926,
    "Prompt 18": 0.6790123456790124,
    "Prompt 19": 0.7283950617283951,
    "Prompt 2": 0.8024691358024691,
    "Prompt 20": 0.7160493827160493,
    "Prompt 21": 0.691358024691358,
    "Prompt 22": 0.691358024691358,
    "Prompt 23": 0.7037037037037037,
    "Prompt 24": 0.7037037037037037,
    "Prompt 25": 0.6790123456790124,
    "Prompt 26": 0.7901234567901234,
    "Prompt 27": 0.5925925925925926,
    "Prompt 28": 0.6790123456790124,
    "Prompt 29": 0.7283950617283951,
    "Prompt 3": 0.691358024691358,
    "Prompt 30": 0.7160493827160493,
    "Prompt 31": 0.691358024691358,
    "Prompt 32": 0.691358024691358,
    "Prompt 33": 0.7037037037037037,
    "Prompt 34": 0.7037037037037037,
    "Prompt 35": 0.6790123456790124,
    "Prompt 36": 0.7901234567901234,
    "Prompt 37": 0.5925925925925926,
    "Prompt 38": 0.6790123456790124,
    "Prompt 39": 0.7283950617283951,
    "Prompt 4": 0.7407407407407407,
    "Prompt 40": 0.7160493827160493,
    "Prompt 41": 0.691358024691358,
    "Prompt 42": 0.691358024691358,
    "Prompt 43": 0.7037037037037037,
    "Prompt 44": 0.7037037037037037,
    "Prompt 45": 0.6790123456790124,
    "Prompt 46": 0.7654320987654321,
    "Prompt 47": 0.6790123456790124,
    "Prompt 48": 0.7530864197530864,
    "Prompt 49": 0.7407407407407407,
    "Prompt 5": 0.7777777777777778,
    "Prompt 50": 0.7407407407407407,
    "Prompt 51": 0.691358024691358,
    "Prompt 52": 0.7283950617283951,
    "Prompt 53": 0.7654320987654321,
    "Prompt 54": 0.7777777777777778,
    "Prompt 55": 0.7283950617283951,
    "Prompt 6": 0.7901234567901234,
    "Prompt 7": 0.7283950617283951,
    "Prompt 8": 0.7283950617283951,
    "Prompt 9": 0.7037037037037037
    
}